{
  "project_info": {
    "project_number": "776710259054",
    "project_id": "tqzg-3e16c",
    "storage_bucket": "tqzg-3e16c.appspot.com"
  },
  "client": [
    {
      "client_info": {
        "mobilesdk_app_id": "1:776710259054:android:fda86f35494ba0af28417f",
        "android_client_info": {
          "package_name": "com.grgames.tqzgzh.sgmy"
        }
      },
      "oauth_client": [
        {
          "client_id": "776710259054-0iedu3iumh5kh4k1n3buj3kbuu38i1gs.apps.googleusercontent.com",
          "client_type": 1,
          "android_info": {
            "package_name": "com.grgames.tqzgzh.sgmy",
            "certificate_hash": "b25bc2cdae4f3daf39f5c477735078f4b09aca35"
          }
        },
        {
          "client_id": "776710259054-8v8j1a27sh1khdoitfp5tgegm02gscbi.apps.googleusercontent.com",
          "client_type": 3
        }
      ],
      "api_key": [
        {
          "current_key": "AIzaSyCRLlVf5u0QDbuESoyQ1eWqsh9xkEVKxZQ"
        }
      ],
      "services": {
        "appinvite_service": {
          "other_platform_oauth_client": [
            {
              "client_id": "776710259054-8v8j1a27sh1khdoitfp5tgegm02gscbi.apps.googleusercontent.com",
              "client_type": 3
            }
          ]
        }
      }
    }
  ],
  "configuration_version": "1"
}