{
  "project_info": {
    "project_number": "1044973396258",
    "project_id": "hk-client",
    "storage_bucket": "hk-client.appspot.com"
  },
  "client": [
    {
      "client_info": {
        "mobilesdk_app_id": "1:1044973396258:android:b287aff8f785e7d735857b",
        "android_client_info": {
          "package_name": "com.gaore.mobile.haiwai"
        }
      },
      "oauth_client": [
        {
          "client_id": "1044973396258-1cqc094d053fn17v1f635rcsfbe61j16.apps.googleusercontent.com",
          "client_type": 1,
          "android_info": {
            "package_name": "com.gaore.mobile.haiwai",
            "certificate_hash": "b25bc2cdae4f3daf39f5c477735078f4b09aca35"
          }
        },
        {
          "client_id": "1044973396258-6c15f1tr2c0fqg3b8lj7dke9u9524dmi.apps.googleusercontent.com",
          "client_type": 3
        }
      ],
      "api_key": [
        {
          "current_key": "AIzaSyBq2mpcpfaUDDkSei5UKnZl9Y4A5DthlXY"
        }
      ],
      "services": {
        "appinvite_service": {
          "other_platform_oauth_client": [
            {
              "client_id": "1044973396258-6c15f1tr2c0fqg3b8lj7dke9u9524dmi.apps.googleusercontent.com",
              "client_type": 3
            },
            {
              "client_id": "1044973396258-672s7u900u3etqaq9ie1i4lkf9e11m8g.apps.googleusercontent.com",
              "client_type": 2,
              "ios_info": {
                "bundle_id": "imga.colabel.int"
              }
            }
          ]
        }
      }
    },
    {
      "client_info": {
        "mobilesdk_app_id": "1:1044973396258:android:9fe75072b6d06bc535857b",
        "android_client_info": {
          "package_name": "com.twmobile.ljsn"
        }
      },
      "oauth_client": [
        {
          "client_id": "1044973396258-tg1nv6r90gfs72rdptp58h4vioautlsj.apps.googleusercontent.com",
          "client_type": 1,
          "android_info": {
            "package_name": "com.twmobile.ljsn",
            "certificate_hash": "b25bc2cdae4f3daf39f5c477735078f4b09aca35"
          }
        },
        {
          "client_id": "1044973396258-6c15f1tr2c0fqg3b8lj7dke9u9524dmi.apps.googleusercontent.com",
          "client_type": 3
        }
      ],
      "api_key": [
        {
          "current_key": "AIzaSyBq2mpcpfaUDDkSei5UKnZl9Y4A5DthlXY"
        }
      ],
      "services": {
        "appinvite_service": {
          "other_platform_oauth_client": [
            {
              "client_id": "1044973396258-6c15f1tr2c0fqg3b8lj7dke9u9524dmi.apps.googleusercontent.com",
              "client_type": 3
            },
            {
              "client_id": "1044973396258-672s7u900u3etqaq9ie1i4lkf9e11m8g.apps.googleusercontent.com",
              "client_type": 2,
              "ios_info": {
                "bundle_id": "imga.colabel.int"
              }
            }
          ]
        }
      }
    },
    {
      "client_info": {
        "mobilesdk_app_id": "1:1044973396258:android:10470954bd79edbc35857b",
        "android_client_info": {
          "package_name": "com.twmobile.nflwy"
        }
      },
      "oauth_client": [
        {
          "client_id": "1044973396258-1cqiamvrj1gq26999fd4dg6tc56h38kb.apps.googleusercontent.com",
          "client_type": 1,
          "android_info": {
            "package_name": "com.twmobile.nflwy",
            "certificate_hash": "3219a4f191a8c599451d9dadd571c4ba3b13a272"
          }
        },
        {
          "client_id": "1044973396258-6c15f1tr2c0fqg3b8lj7dke9u9524dmi.apps.googleusercontent.com",
          "client_type": 3
        }
      ],
      "api_key": [
        {
          "current_key": "AIzaSyBq2mpcpfaUDDkSei5UKnZl9Y4A5DthlXY"
        }
      ],
      "services": {
        "appinvite_service": {
          "other_platform_oauth_client": [
            {
              "client_id": "1044973396258-6c15f1tr2c0fqg3b8lj7dke9u9524dmi.apps.googleusercontent.com",
              "client_type": 3
            },
            {
              "client_id": "1044973396258-672s7u900u3etqaq9ie1i4lkf9e11m8g.apps.googleusercontent.com",
              "client_type": 2,
              "ios_info": {
                "bundle_id": "imga.colabel.int"
              }
            }
          ]
        }
      }
    }
  ],
  "configuration_version": "1"
}